relpath,size_bytes,size_human,mtime_iso
AUTOMATIONS/leads/bulk/US_LEADS_MASTER.csv,632551429,603.25 MB,2026-02-13 00:05:48
AUTOMATIONS/leads/qualified/PREFILTERED_LEADS.csv,427398664,407.60 MB,2026-02-12 19:18:46
AUDIT/FULL_CONTEXT_2026_02_16/file_manifest.csv,278040871,265.16 MB,2026-02-16 14:53:28
AUTOMATIONS/leads/bulk/US_LEADS_RESTAURANT.csv,222688005,212.37 MB,2026-02-12 08:55:27
AUDIT/META_VISION_2026_02_16_FILE_INVENTORY.csv,204615875,195.14 MB,2026-02-16 14:45:08
07_LANDING/printmaxx-site/node_modules/.remotion/chrome-headless-shell/mac-arm64/chrome-headless-shell-mac-arm64/chrome-headless-shell,143422176,136.78 MB,2026-01-21 18:36:14
MONEY_METHODS/APP_FACTORY/builds/robloxmaxx/api/node_modules/@next/swc-darwin-arm64/next-swc.darwin-arm64.node,130286696,124.25 MB,2026-02-07 17:04:46
07_LANDING/printmaxx-site/node_modules/@next/swc-darwin-arm64/next-swc.darwin-arm64.node,102923976,98.16 MB,2026-01-18 23:10:37
AUTOMATIONS/leads/bulk/US_LEADS_SALON.csv,92493834,88.21 MB,2026-02-12 08:56:56
07_LANDING/printmaxx-site/node_modules/.cache/webpack/remotion-development-4.0.407/f6a85ea3840983861852723fc9c4d2e2/0.pack,85967608,81.99 MB,2026-01-21 18:35:49
AUTOMATIONS/leads/bulk/US_LEADS_REALTOR.csv,75309479,71.82 MB,2026-02-12 08:56:27
AUTOMATIONS/leads/bulk/US_LEADS_AUTO_REPAIR.csv,58270773,55.57 MB,2026-02-12 09:09:44
AUTOMATIONS/leads/qualified/ANALYZED_LEADS.csv,47421102,45.22 MB,2026-02-16 03:30:12
output/clips/Rick_Astley_-_Never_Gonna_Give_You_Up_Official_Video_4K_Remaster_dQw4w9WgXcQ/clip_01_vertical.mp4,45166127,43.07 MB,2026-02-12 01:54:23
output/clips/Rick_Astley_-_Never_Gonna_Give_You_Up_Official_Video_4K_Remaster_dQw4w9WgXcQ/clip_02_vertical.mp4,43996690,41.96 MB,2026-02-12 01:54:56
AUTOMATIONS/leads/bulk/US_LEADS_DENTIST.csv,42447463,40.48 MB,2026-02-12 08:55:01
AUTOMATIONS/leads/bulk/US_LEADS_DOCTOR.csv,42332471,40.37 MB,2026-02-12 08:56:07
output/clips/Rick_Astley_-_Never_Gonna_Give_You_Up_Official_Video_4K_Remaster_dQw4w9WgXcQ/clip_03_vertical.mp4,41492305,39.57 MB,2026-02-12 01:55:45
07_LANDING/printmaxx-site/node_modules/.cache/webpack/remotion-production-4.0.407/03507e055efb55d7ee27d9133f985741/1.pack,39043117,37.23 MB,2026-01-22 02:47:04
output/clips/raw/Rick_Astley_-_Never_Gonna_Give_You_Up_Official_Video_4K_Remaster_dQw4w9WgXcQ.mp4,34353611,32.76 MB,2025-12-28 16:05:25
AUTOMATIONS/leads/qualified/WARM_LEADS_QUALIFIED.csv,29403997,28.04 MB,2026-02-16 03:30:13
AUTOMATIONS/leads/bulk/US_LEADS_GYM.csv,28615284,27.29 MB,2026-02-12 08:56:37
03_PLAYBOOKS/APP_FACTORY/builds/biomaxx-sdk54/node_modules/react-native/sdks/hermesc/win64-bin/icudt64.dll,27534336,26.26 MB,2026-01-22 00:53:40
03_PLAYBOOKS/APP_FACTORY/builds/biomaxx/node_modules/react-native/sdks/hermesc/win64-bin/icudt64.dll,27534336,26.26 MB,2026-01-22 00:02:26
03_PLAYBOOKS/APP_FACTORY/builds/dailyanchor-sdk54/node_modules/react-native/sdks/hermesc/win64-bin/icudt64.dll,27534336,26.26 MB,2026-01-22 01:13:51
03_PLAYBOOKS/APP_FACTORY/builds/dailyanchor/node_modules/react-native/sdks/hermesc/win64-bin/icudt64.dll,27534336,26.26 MB,2026-01-21 17:20:56
03_PLAYBOOKS/APP_FACTORY/builds/devotionflow-sdk54/node_modules/react-native/sdks/hermesc/win64-bin/icudt64.dll,27534336,26.26 MB,2026-01-22 01:14:26
03_PLAYBOOKS/APP_FACTORY/builds/devotionflow/node_modules/react-native/sdks/hermesc/win64-bin/icudt64.dll,27534336,26.26 MB,2026-01-21 17:21:51
03_PLAYBOOKS/APP_FACTORY/builds/focusprayer-sdk54/node_modules/react-native/sdks/hermesc/win64-bin/icudt64.dll,27534336,26.26 MB,2026-01-22 01:32:42
03_PLAYBOOKS/APP_FACTORY/builds/focusprayer/node_modules/react-native/sdks/hermesc/win64-bin/icudt64.dll,27534336,26.26 MB,2026-01-21 17:21:32
03_PLAYBOOKS/APP_FACTORY/builds/glowmaxx-sdk54/node_modules/react-native/sdks/hermesc/win64-bin/icudt64.dll,27534336,26.26 MB,2026-01-22 01:47:01
03_PLAYBOOKS/APP_FACTORY/builds/glowmaxx/node_modules/react-native/sdks/hermesc/win64-bin/icudt64.dll,27534336,26.26 MB,2026-01-21 17:48:50
03_PLAYBOOKS/APP_FACTORY/builds/learnlock-sdk54/node_modules/react-native/sdks/hermesc/win64-bin/icudt64.dll,27534336,26.26 MB,2026-01-22 02:40:42
03_PLAYBOOKS/APP_FACTORY/builds/learnlock/node_modules/react-native/sdks/hermesc/win64-bin/icudt64.dll,27534336,26.26 MB,2026-01-21 17:21:14
03_PLAYBOOKS/APP_FACTORY/builds/pelvicpro-sdk54/node_modules/react-native/sdks/hermesc/win64-bin/icudt64.dll,27534336,26.26 MB,2026-01-22 01:11:06
03_PLAYBOOKS/APP_FACTORY/builds/pelvicpro/node_modules/react-native/sdks/hermesc/win64-bin/icudt64.dll,27534336,26.26 MB,2026-01-21 11:41:32
03_PLAYBOOKS/APP_FACTORY/builds/prayerlock-sdk54/node_modules/react-native/sdks/hermesc/win64-bin/icudt64.dll,27534336,26.26 MB,2026-01-22 00:40:07
03_PLAYBOOKS/APP_FACTORY/builds/prayerlock/node_modules/react-native/sdks/hermesc/win64-bin/icudt64.dll,27534336,26.26 MB,2026-01-23 23:16:46
03_PLAYBOOKS/APP_FACTORY/builds/promptvault-sdk54/node_modules/react-native/sdks/hermesc/win64-bin/icudt64.dll,27534336,26.26 MB,2026-01-22 01:45:45
03_PLAYBOOKS/APP_FACTORY/builds/promptvault/node_modules/react-native/sdks/hermesc/win64-bin/icudt64.dll,27534336,26.26 MB,2026-01-21 11:41:26
03_PLAYBOOKS/APP_FACTORY/builds/stepunlock-sdk54/node_modules/react-native/sdks/hermesc/win64-bin/icudt64.dll,27534336,26.26 MB,2026-01-22 00:47:17
03_PLAYBOOKS/APP_FACTORY/builds/stepunlock/node_modules/react-native/sdks/hermesc/win64-bin/icudt64.dll,27534336,26.26 MB,2026-01-21 17:19:52
03_PLAYBOOKS/APP_FACTORY/builds/studylock/node_modules/react-native/sdks/hermesc/win64-bin/icudt64.dll,27534336,26.26 MB,2026-01-23 23:17:59
03_PLAYBOOKS/APP_FACTORY/builds/walktounlock/node_modules/react-native/sdks/hermesc/win64-bin/icudt64.dll,27534336,26.26 MB,2026-01-23 23:17:06
app factory/app-factory/non-religious-apps/coding-streak/node_modules/react-native/sdks/hermesc/win64-bin/icudt64.dll,27534336,26.26 MB,2026-01-14 19:27:34
app factory/app-factory/non-religious-apps/meditation-streak/node_modules/react-native/sdks/hermesc/win64-bin/icudt64.dll,27534336,26.26 MB,2026-01-14 19:27:04
app factory/app-factory/non-religious-apps/reading-streak/node_modules/react-native/sdks/hermesc/win64-bin/icudt64.dll,27534336,26.26 MB,2026-01-14 19:27:19
app factory/app-factory/religious-apps/buddhist-streak/node_modules/react-native/sdks/hermesc/win64-bin/icudt64.dll,27534336,26.26 MB,2026-01-14 19:25:56
app factory/app-factory/religious-apps/gita-streak/node_modules/react-native/sdks/hermesc/win64-bin/icudt64.dll,27534336,26.26 MB,2026-01-14 19:25:41
app factory/app-factory/religious-apps/mormon-streak/node_modules/react-native/sdks/hermesc/win64-bin/icudt64.dll,27534336,26.26 MB,2026-01-14 19:26:09
app factory/app-factory/religious-apps/quran-streak/node_modules/react-native/sdks/hermesc/win64-bin/icudt64.dll,27534336,26.26 MB,2026-01-15 00:07:08
app factory/app-factory/religious-apps/quran-streak/scripture-streak/node_modules/react-native/sdks/hermesc/win64-bin/icudt64.dll,27534336,26.26 MB,2026-01-14 19:25:03
app factory/app-factory/religious-apps/sikh-streak/node_modules/react-native/sdks/hermesc/win64-bin/icudt64.dll,27534336,26.26 MB,2026-01-14 19:26:22
app factory/app-factory/religious-apps/torah-streak/node_modules/react-native/sdks/hermesc/win64-bin/icudt64.dll,27534336,26.26 MB,2026-01-14 19:23:06
app factory/app-factory/religious-apps/torah-streak/scripture-streak/node_modules/react-native/sdks/hermesc/win64-bin/icudt64.dll,27534336,26.26 MB,2026-01-14 19:25:19
app factory/scripture-streak/node_modules/react-native/sdks/hermesc/win64-bin/icudt64.dll,27534336,26.26 MB,2026-01-15 01:03:59
AUTOMATIONS/leads/bulk/US_LEADS_LAWYER.csv,26591843,25.36 MB,2026-02-12 08:55:40
03_PLAYBOOKS/APP_FACTORY/builds/biomaxx/node_modules/jsc-android/dist/org/webkit/android-jsc-intl/r250231/android-jsc-intl-r250231.aar,23145219,22.07 MB,2026-01-22 00:02:26
03_PLAYBOOKS/APP_FACTORY/builds/dailyanchor/node_modules/jsc-android/dist/org/webkit/android-jsc-intl/r250231/android-jsc-intl-r250231.aar,23145219,22.07 MB,2026-01-21 17:20:55
03_PLAYBOOKS/APP_FACTORY/builds/devotionflow/node_modules/jsc-android/dist/org/webkit/android-jsc-intl/r250231/android-jsc-intl-r250231.aar,23145219,22.07 MB,2026-01-21 17:21:51
03_PLAYBOOKS/APP_FACTORY/builds/focusprayer/node_modules/jsc-android/dist/org/webkit/android-jsc-intl/r250231/android-jsc-intl-r250231.aar,23145219,22.07 MB,2026-01-21 17:21:32
03_PLAYBOOKS/APP_FACTORY/builds/glowmaxx/node_modules/jsc-android/dist/org/webkit/android-jsc-intl/r250231/android-jsc-intl-r250231.aar,23145219,22.07 MB,2026-01-21 17:48:50
03_PLAYBOOKS/APP_FACTORY/builds/learnlock/node_modules/jsc-android/dist/org/webkit/android-jsc-intl/r250231/android-jsc-intl-r250231.aar,23145219,22.07 MB,2026-01-21 17:21:14
03_PLAYBOOKS/APP_FACTORY/builds/pelvicpro/node_modules/jsc-android/dist/org/webkit/android-jsc-intl/r250231/android-jsc-intl-r250231.aar,23145219,22.07 MB,2026-01-21 11:41:32
03_PLAYBOOKS/APP_FACTORY/builds/prayerlock/node_modules/jsc-android/dist/org/webkit/android-jsc-intl/r250231/android-jsc-intl-r250231.aar,23145219,22.07 MB,2026-01-23 23:16:46
03_PLAYBOOKS/APP_FACTORY/builds/promptvault/node_modules/jsc-android/dist/org/webkit/android-jsc-intl/r250231/android-jsc-intl-r250231.aar,23145219,22.07 MB,2026-01-21 11:26:59
03_PLAYBOOKS/APP_FACTORY/builds/stepunlock/node_modules/jsc-android/dist/org/webkit/android-jsc-intl/r250231/android-jsc-intl-r250231.aar,23145219,22.07 MB,2026-01-21 17:19:52
03_PLAYBOOKS/APP_FACTORY/builds/studylock/node_modules/jsc-android/dist/org/webkit/android-jsc-intl/r250231/android-jsc-intl-r250231.aar,23145219,22.07 MB,2026-01-23 23:17:59
03_PLAYBOOKS/APP_FACTORY/builds/walktounlock/node_modules/jsc-android/dist/org/webkit/android-jsc-intl/r250231/android-jsc-intl-r250231.aar,23145219,22.07 MB,2026-01-23 23:17:06
app factory/app-factory/non-religious-apps/art-streak/node_modules/jsc-android/dist/org/webkit/android-jsc-intl/r250231/android-jsc-intl-r250231.aar,23145219,22.07 MB,2026-01-14 19:27:51
app factory/app-factory/non-religious-apps/coding-streak/node_modules/jsc-android/dist/org/webkit/android-jsc-intl/r250231/android-jsc-intl-r250231.aar,23145219,22.07 MB,2026-01-14 19:27:40
app factory/app-factory/non-religious-apps/meditation-streak/node_modules/jsc-android/dist/org/webkit/android-jsc-intl/r250231/android-jsc-intl-r250231.aar,23145219,22.07 MB,2026-01-14 19:27:13
app factory/app-factory/non-religious-apps/reading-streak/node_modules/jsc-android/dist/org/webkit/android-jsc-intl/r250231/android-jsc-intl-r250231.aar,23145219,22.07 MB,2026-01-14 19:27:29
app factory/app-factory/religious-apps/buddhist-streak/node_modules/jsc-android/dist/org/webkit/android-jsc-intl/r250231/android-jsc-intl-r250231.aar,23145219,22.07 MB,2026-01-14 19:26:03
app factory/app-factory/religious-apps/gita-streak/node_modules/jsc-android/dist/org/webkit/android-jsc-intl/r250231/android-jsc-intl-r250231.aar,23145219,22.07 MB,2026-01-14 19:25:49
app factory/app-factory/religious-apps/mormon-streak/node_modules/jsc-android/dist/org/webkit/android-jsc-intl/r250231/android-jsc-intl-r250231.aar,23145219,22.07 MB,2026-01-14 19:26:16
app factory/app-factory/religious-apps/quran-streak/node_modules/jsc-android/dist/org/webkit/android-jsc-intl/r250231/android-jsc-intl-r250231.aar,23145219,22.07 MB,2026-01-14 22:18:27
app factory/app-factory/religious-apps/quran-streak/scripture-streak/node_modules/jsc-android/dist/org/webkit/android-jsc-intl/r250231/android-jsc-intl-r250231.aar,23145219,22.07 MB,2026-01-14 19:25:12
app factory/app-factory/religious-apps/sikh-streak/node_modules/jsc-android/dist/org/webkit/android-jsc-intl/r250231/android-jsc-intl-r250231.aar,23145219,22.07 MB,2026-01-14 19:26:30
app factory/app-factory/religious-apps/torah-streak/node_modules/jsc-android/dist/org/webkit/android-jsc-intl/r250231/android-jsc-intl-r250231.aar,23145219,22.07 MB,2026-01-14 19:23:14
app factory/app-factory/religious-apps/torah-streak/scripture-streak/node_modules/jsc-android/dist/org/webkit/android-jsc-intl/r250231/android-jsc-intl-r250231.aar,23145219,22.07 MB,2026-01-14 19:25:32
03_PLAYBOOKS/APP_FACTORY/builds/biomaxx/ios/Pods/hermes-engine-artifacts/hermes-ios-0.74.5-debug.tar.gz,20696493,19.74 MB,2026-01-21 22:42:20
07_LANDING/printmaxx-site/node_modules/.cache/webpack/remotion-production-4.0.407/03507e055efb55d7ee27d9133f985741/0.pack,20598936,19.64 MB,2026-01-22 01:52:24
app factory/app-factory/religious-apps/quran-streak/ios/Pods/Google-Mobile-Ads-SDK/Frameworks/GoogleMobileAdsFramework/GoogleMobileAds.xcframework/ios-arm64_x86_64-simulator/GoogleMobileAds.framework/GoogleMobileAds,17127400,16.33 MB,2026-01-15 00:20:12
app factory/app-factory/religious-apps/quran-streak/ios/Pods/hermes-engine-artifacts/hermes-ios-0.73.6-debug.tar.gz,17006776,16.22 MB,2026-01-15 00:19:56
07_LANDING/printmaxx-site/node_modules/.remotion/chrome-headless-shell/mac-arm64/chrome-headless-shell-mac-arm64/libvk_swiftshader.dylib,16574216,15.81 MB,2026-01-21 18:36:14
AUTOMATIONS/leads/bulk/US_LEADS_CHIROPRACTOR.csv,16397700,15.64 MB,2026-02-12 08:56:14
07_LANDING/printmaxx-site/node_modules/@img/sharp-libvips-darwin-arm64/lib/libvips-cpp.8.17.3.dylib,16076984,15.33 MB,2026-01-18 23:10:38
MONEY_METHODS/APP_FACTORY/builds/robloxmaxx/api/node_modules/@img/sharp-libvips-darwin-arm64/lib/libvips-cpp.8.17.3.dylib,16076984,15.33 MB,2026-02-07 17:04:44
AUTOMATIONS/outreach/PIPELINE_TRACKER.csv,16029763,15.29 MB,2026-02-16 03:30:16
AUTOMATIONS/logs/seo_competitor_weekly.log,15779824,15.05 MB,2026-02-15 06:01:16
07_LANDING/printmaxx-site/node_modules/.cache/webpack/remotion-production-4.0.407/03507e055efb55d7ee27d9133f985741/5.pack,15590716,14.87 MB,2026-01-22 02:47:04
03_PLAYBOOKS/APP_FACTORY/builds/biomaxx/ios/Pods/hermes-engine-artifacts/hermes-ios-0.74.5-release.tar.gz,15273694,14.57 MB,2026-01-21 22:42:21
AUDIT/FULL_CONTEXT_2026_02_16/chunks/context_shard_00129.jsonl,14871716,14.18 MB,2026-02-16 14:41:09
AUDIT/FULL_CONTEXT_2026_02_16/chunks/context_shard_00688.jsonl,14752436,14.07 MB,2026-02-16 14:50:03
AUDIT/FULL_CONTEXT_2026_02_16/chunks/context_shard_00866.jsonl,14747840,14.06 MB,2026-02-16 14:52:59
AUDIT/FULL_CONTEXT_2026_02_16/chunks/context_shard_00654.jsonl,14641442,13.96 MB,2026-02-16 14:49:31
AUDIT/FULL_CONTEXT_2026_02_16/chunks/context_shard_00068.jsonl,14501337,13.83 MB,2026-02-16 14:40:04
AUDIT/FULL_CONTEXT_2026_02_16/chunks/context_shard_00193.jsonl,14458639,13.79 MB,2026-02-16 14:42:16
AUDIT/FULL_CONTEXT_2026_02_16/chunks/context_shard_00249.jsonl,14414433,13.75 MB,2026-02-16 14:43:12
AUDIT/FULL_CONTEXT_2026_02_16/chunks/context_shard_00436.jsonl,14405044,13.74 MB,2026-02-16 14:46:15
AUDIT/FULL_CONTEXT_2026_02_16/chunks/context_shard_01106.jsonl,14381820,13.72 MB,2026-02-16 14:53:13
AUDIT/FULL_CONTEXT_2026_02_16/chunks/context_shard_00567.jsonl,14357459,13.69 MB,2026-02-16 14:48:16
AUDIT/FULL_CONTEXT_2026_02_16/chunks/context_shard_01255.jsonl,14349092,13.68 MB,2026-02-16 14:53:21
AUDIT/FULL_CONTEXT_2026_02_16/chunks/context_shard_00907.jsonl,14297142,13.63 MB,2026-02-16 14:53:01
AUDIT/FULL_CONTEXT_2026_02_16/chunks/context_shard_00967.jsonl,14294756,13.63 MB,2026-02-16 14:53:04
AUDIT/FULL_CONTEXT_2026_02_16/chunks/context_shard_00595.jsonl,14283303,13.62 MB,2026-02-16 14:48:41
AUDIT/FULL_CONTEXT_2026_02_16/chunks/context_shard_01270.jsonl,14214634,13.56 MB,2026-02-16 14:53:22
AUDIT/FULL_CONTEXT_2026_02_16/chunks/context_shard_00509.jsonl,14212474,13.55 MB,2026-02-16 14:47:20
AUDIT/FULL_CONTEXT_2026_02_16/chunks/context_shard_00628.jsonl,14180001,13.52 MB,2026-02-16 14:49:10
AUDIT/FULL_CONTEXT_2026_02_16/chunks/context_shard_01227.jsonl,14167436,13.51 MB,2026-02-16 14:53:20
AUDIT/FULL_CONTEXT_2026_02_16/chunks/context_shard_00371.jsonl,14159898,13.50 MB,2026-02-16 14:45:17
AUDIT/FULL_CONTEXT_2026_02_16/chunks/context_shard_00937.jsonl,14073190,13.42 MB,2026-02-16 14:53:02
AUDIT/FULL_CONTEXT_2026_02_16/chunks/context_shard_00044.jsonl,14023611,13.37 MB,2026-02-16 14:39:36
AUDIT/FULL_CONTEXT_2026_02_16/chunks/context_shard_00484.jsonl,13996431,13.35 MB,2026-02-16 14:46:58
AUDIT/FULL_CONTEXT_2026_02_16/chunks/context_shard_00997.jsonl,13991661,13.34 MB,2026-02-16 14:53:06
AUDIT/FULL_CONTEXT_2026_02_16/chunks/context_shard_00285.jsonl,13986580,13.34 MB,2026-02-16 14:43:49
AUDIT/FULL_CONTEXT_2026_02_16/chunks/context_shard_01057.jsonl,13982051,13.33 MB,2026-02-16 14:53:10
AUDIT/FULL_CONTEXT_2026_02_16/chunks/context_shard_00460.jsonl,13978645,13.33 MB,2026-02-16 14:46:35
AUDIT/FULL_CONTEXT_2026_02_16/chunks/context_shard_01137.jsonl,13860591,13.22 MB,2026-02-16 14:53:14
