product_name,source,source_price,selling_platform,estimated_sell_price,fees,shipping,net_profit,margin_pct,product_url,category,note
Example Wireless Earbuds,Walmart,15.0,facebook,30.0,1.5,5.0,8.5,28.33,https://walmart.com/clearance/electronics,electronics,API integration required for live data
Example Wireless Earbuds,Walmart,15.0,mercari,30.0,3.0,5.0,7.0,23.33,https://walmart.com/clearance/electronics,electronics,API integration required for live data
Example Wireless Earbuds,Walmart,15.0,ebay,30.0,3.98,5.0,6.02,20.08,https://walmart.com/clearance/electronics,electronics,API integration required for live data
2026-03-23T02:10:21.868652,ice roller face,health,15.0,2.75,FB Marketplace,7.0,46.7,0,29.2,LIST,0.75,0.0,4.5,0.0,8.0,ebay,light
2026-03-23T02:11:20.089860,lash serum,beauty,6.99,2.75,FB Marketplace,-0.61,-8.7,34,5.8,SKIP,0.35,0.0,4.5,0.0,7.6,amazon,light
2026-03-23T02:11:42.871865,air fryer liner,kitchen,4.34,2.0,FB Marketplace,-2.38,-54.8,50,-10.5,SKIP,0.22,0.0,4.5,0.0,6.72,amazon,light
2026-03-23T02:12:58.167399,pull up bar,fitness,13.79,8.5,FB Marketplace,-3.4,-24.7,3,-14.1,SKIP,0.69,0.0,8.0,0.0,17.19,amazon,medium
2026-03-23T02:11:35.885657,portable blender,kitchen,9.63,8.5,FB Marketplace,-7.35,-76.3,50,-26.5,SKIP,0.48,0.0,8.0,0.0,16.98,amazon,medium
2026-03-23T02:14:06.014643,shower head filter,home,6.88,5.5,FB Marketplace,-6.96,-101.2,6,-49.1,SKIP,0.34,0.0,8.0,0.0,13.84,amazon,medium
2026-03-23T02:12:50.285632,resistance bands set,fitness,3.56,3.5,FB Marketplace,-4.62,-129.7,1,-58.5,SKIP,0.18,0.0,4.5,0.0,8.18,amazon,light
2026-03-23T02:11:49.755204,knife sharpener,kitchen,2.6,4.0,FB Marketplace,-6.03,-231.9,50,-86.8,SKIP,0.13,0.0,4.5,0.0,8.63,amazon,light
2026-03-23T02:10:42.828172,scalp massager,health,2.26,2.75,FB Marketplace,-8.6,-380.7,16,-160.4,SKIP,0.11,0.0,8.0,0.0,10.86,amazon,medium
2026-03-23T11:42:41.385633,cable organizer,tech,12.99,2.0,FB Marketplace,5.84,45.0,50,41.8,LIST,0.65,0.0,4.5,0.0,7.15,amazon,light
2026-03-23T04:10:56.445366,led face mask,beauty,39.99,16.5,FB Marketplace,13.49,33.7,15,38.2,LIST,2.0,0.0,8.0,0.0,26.5,amazon,medium
2026-03-23T04:10:28.805252,gua sha tool,health,15.0,2.0,FB Marketplace,7.75,51.7,9,35.0,LIST,0.75,0.0,4.5,0.0,7.25,ebay,light
2026-03-23T11:41:22.631739,air fryer liner,kitchen,15.34,2.0,FB Marketplace,8.07,52.6,1,33.4,LIST,0.77,0.0,4.5,0.0,7.27,ebay,light
2026-03-23T11:43:05.385603,pull up bar,fitness,13.79,8.5,FB Marketplace,-3.4,-24.7,50,0.0,SKIP,0.69,0.0,8.0,0.0,17.19,amazon,medium
2026-03-23T11:44:36.236809,led candles,home,5.99,3.5,FB Marketplace,-2.31,-38.6,50,-3.9,SKIP,0.3,0.0,4.5,0.0,8.3,amazon,light
2026-03-23T11:43:27.933292,grip strength trainer,fitness,4.59,2.75,FB Marketplace,-2.89,-63.0,50,-14.5,SKIP,0.23,0.0,4.5,0.0,7.48,amazon,light
2026-03-23T11:42:18.474289,ring light,tech,6.79,6.5,FB Marketplace,-4.55,-67.0,50,-18.6,SKIP,0.34,0.0,4.5,0.0,11.34,amazon,light
2026-03-23T04:11:02.607231,dermaplaning tool,beauty,4.29,2.0,FB Marketplace,-2.42,-56.5,0,-26.2,SKIP,0.21,0.0,4.5,0.0,6.71,amazon,light
2026-03-23T04:10:14.876592,posture corrector,health,6.79,4.25,FB Marketplace,-5.8,-85.4,33,-33.0,SKIP,0.34,0.0,8.0,0.0,12.59,amazon,medium
2026-03-23T11:43:44.407626,dog puzzle toy,pet,6.99,5.5,FB Marketplace,-6.86,-98.1,50,-34.5,SKIP,0.35,0.0,8.0,0.0,13.85,amazon,medium
2026-03-23T11:41:45.964545,electric lunch box,kitchen,9.99,8.5,FB Marketplace,-7.01,-70.2,1,-38.3,SKIP,0.5,0.0,8.0,0.0,17.0,amazon,medium
2026-03-23T11:44:29.600148,shower head filter,home,6.69,5.5,FB Marketplace,-7.14,-106.8,50,-38.4,SKIP,0.33,0.0,8.0,0.0,13.83,amazon,medium
2026-03-23T11:42:11.426658,phone projector,tech,7.99,14.0,FB Marketplace,-14.41,-180.3,50,-78.7,SKIP,0.4,0.0,8.0,0.0,22.4,amazon,medium
2026-03-23T11:41:30.736325,knife sharpener,kitchen,2.55,4.0,FB Marketplace,-6.08,-238.3,19,-98.7,SKIP,0.13,0.0,4.5,0.0,8.63,amazon,light
2026-03-23T11:42:02.985956,wireless earbuds,tech,3.59,6.5,FB Marketplace,-11.09,-308.9,50,-125.2,SKIP,0.18,0.0,8.0,0.0,14.68,amazon,medium
2026-03-23T12:11:08.583482,led face mask,beauty,39.99,16.5,FB Marketplace,13.49,33.7,50,48.7,LIST,2.0,0.0,8.0,0.0,26.5,amazon,medium
2026-03-23T12:13:42.724140,yoga mat,fitness,14.99,7.0,FB Marketplace,2.74,18.3,50,26.4,WATCH,0.75,0.0,4.5,0.0,12.25,amazon,light
2026-03-23T12:13:35.221101,pull up bar,fitness,19.26,8.5,FB Marketplace,1.8,9.3,50,21.4,WATCH,0.96,0.0,8.0,0.0,17.46,amazon,medium
2026-03-23T12:13:09.453715,cable organizer,tech,6.99,2.0,FB Marketplace,0.14,2.0,50,16.0,WATCH,0.35,0.0,4.5,0.0,6.85,amazon,light
2026-03-23T12:11:39.455997,lash serum,beauty,5.99,2.75,FB Marketplace,-1.56,-26.0,50,2.3,SKIP,0.3,0.0,4.5,0.0,7.55,amazon,light
2026-03-23T12:15:08.709298,led candles,home,5.99,3.5,FB Marketplace,-2.31,-38.6,50,-3.9,SKIP,0.3,0.0,4.5,0.0,8.3,amazon,light
2026-03-23T12:10:27.848063,ice roller face,health,4.99,2.75,FB Marketplace,-2.51,-50.3,50,-8.9,SKIP,0.25,0.0,4.5,0.0,7.5,amazon,light
2026-03-23T12:11:15.835112,dermaplaning tool,beauty,4.23,2.0,FB Marketplace,-2.48,-58.7,50,-12.2,SKIP,0.21,0.0,4.5,0.0,6.71,amazon,light
2026-03-23T12:13:55.733709,grip strength trainer,fitness,4.56,2.75,FB Marketplace,-2.92,-64.0,50,-15.0,SKIP,0.23,0.0,4.5,0.0,7.48,amazon,light
2026-03-23T12:12:55.183930,ring light,tech,6.79,6.5,FB Marketplace,-4.55,-67.0,50,-18.6,SKIP,0.34,0.0,4.5,0.0,11.34,amazon,light
2026-03-23T12:12:01.655676,air fryer liner,kitchen,4.34,2.0,FB Marketplace,-2.38,-54.8,1,-25.2,SKIP,0.22,0.0,4.5,0.0,6.72,amazon,light
2026-03-23T12:10:20.388873,posture corrector,health,6.69,4.25,FB Marketplace,-5.89,-88.1,50,-29.1,SKIP,0.33,0.0,8.0,0.0,12.58,amazon,medium
2026-03-23T12:11:54.733247,portable blender,kitchen,9.99,8.5,FB Marketplace,-7.01,-70.2,19,-32.9,SKIP,0.5,0.0,8.0,0.0,17.0,amazon,medium
2026-03-23T12:14:12.797090,dog puzzle toy,pet,6.99,5.5,FB Marketplace,-6.86,-98.1,50,-34.5,SKIP,0.35,0.0,8.0,0.0,13.85,amazon,medium
2026-03-23T12:15:00.553699,shower head filter,home,6.99,5.5,FB Marketplace,-6.86,-98.1,50,-34.5,SKIP,0.35,0.0,8.0,0.0,13.85,amazon,medium
2026-03-23T12:12:23.542958,electric lunch box,kitchen,9.99,8.5,FB Marketplace,-7.01,-70.2,1,-38.3,SKIP,0.5,0.0,8.0,0.0,17.0,amazon,medium
2026-03-23T12:13:27.288701,resistance bands set,fitness,3.69,3.5,FB Marketplace,-4.49,-121.8,50,-40.5,SKIP,0.18,0.0,4.5,0.0,8.18,amazon,light
2026-03-23T12:13:48.682343,jump rope weighted,fitness,3.5,3.5,FB Marketplace,-4.68,-133.6,50,-45.5,SKIP,0.18,0.0,4.5,0.0,8.18,amazon,light
2026-03-23T12:10:43.762818,neck stretcher,health,5.99,5.5,FB Marketplace,-7.81,-130.4,50,-48.9,SKIP,0.3,0.0,8.0,0.0,13.8,amazon,medium
2026-03-23T12:10:35.608765,gua sha tool,health,2.39,2.0,FB Marketplace,-4.23,-177.0,50,-62.1,SKIP,0.12,0.0,4.5,0.0,6.62,amazon,light
2026-03-23T12:14:21.241422,cat water fountain,pet,5.99,8.5,FB Marketplace,-10.81,-180.5,50,-73.4,SKIP,0.3,0.0,8.0,0.0,16.8,amazon,medium
2026-03-23T12:15:23.466038,shoe rack,home,5.99,8.5,FB Marketplace,-10.81,-180.5,50,-73.4,SKIP,0.3,0.0,8.0,0.0,16.8,amazon,medium
2026-03-23T12:12:46.937001,phone projector,tech,7.99,14.0,FB Marketplace,-14.41,-180.3,50,-78.7,SKIP,0.4,0.0,8.0,0.0,22.4,amazon,medium
2026-03-23T12:12:16.739146,vegetable chopper,kitchen,4.99,5.5,FB Marketplace,-8.76,-175.5,2,-82.7,SKIP,0.25,0.0,8.0,0.0,13.75,amazon,medium
2026-03-23T12:12:09.459483,knife sharpener,kitchen,2.49,4.0,FB Marketplace,-6.13,-246.4,18,-102.4,SKIP,0.12,0.0,4.5,0.0,8.62,amazon,light
2026-03-23T12:12:40.636166,wireless earbuds,tech,3.59,6.5,FB Marketplace,-11.09,-308.9,50,-125.2,SKIP,0.18,0.0,8.0,0.0,14.68,amazon,medium
2026-03-23T12:10:51.578688,scalp massager,health,2.24,2.75,FB Marketplace,-8.62,-384.9,50,-151.9,SKIP,0.11,0.0,8.0,0.0,10.86,amazon,medium
2026-03-24T20:51:08.488892,ring light,tech,99.99,6.5,FB Marketplace,83.99,84.0,7,65.7,LIST,5.0,0.0,4.5,0.0,16.0,amazon,light
2026-03-24T20:49:29.690283,led face mask,beauty,39.99,16.5,FB Marketplace,13.49,33.7,50,48.7,LIST,2.0,0.0,8.0,0.0,26.5,amazon,medium
2026-03-24T20:51:25.336442,cable organizer,tech,12.99,2.0,FB Marketplace,5.84,45.0,0,26.8,LIST,0.65,0.0,4.5,0.0,7.15,amazon,light
2026-03-24T20:48:30.304559,posture corrector,health,15.31,4.25,FB Marketplace,2.29,15.0,50,24.4,WATCH,0.77,0.0,8.0,0.0,13.02,amazon+ebay,medium
2026-03-24T20:53:35.382036,led candles,home,5.99,3.5,FB Marketplace,-2.31,-38.6,50,-3.9,SKIP,0.3,0.0,4.5,0.0,8.3,amazon,light
2026-03-24T20:48:38.735005,ice roller face,health,4.99,2.75,FB Marketplace,-2.51,-50.3,50,-8.9,SKIP,0.25,0.0,4.5,0.0,7.5,amazon,light
2026-03-24T20:51:46.684775,pull up bar,fitness,13.79,8.5,FB Marketplace,-3.4,-24.7,1,-14.7,SKIP,0.69,0.0,8.0,0.0,17.19,amazon,medium
2026-03-24T20:49:37.910314,dermaplaning tool,beauty,3.99,2.0,FB Marketplace,-2.71,-67.9,50,-16.2,SKIP,0.2,0.0,4.5,0.0,6.7,amazon,light
2026-03-24T20:52:09.931252,grip strength trainer,fitness,4.6,2.75,FB Marketplace,-2.88,-62.6,0,-29.4,SKIP,0.23,0.0,4.5,0.0,7.48,amazon,light
2026-03-24T20:50:18.676255,air fryer liner,kitchen,3.99,2.0,FB Marketplace,-2.71,-67.9,0,-31.2,SKIP,0.2,0.0,4.5,0.0,6.7,amazon,light
2026-03-24T20:53:21.411677,shower head filter,home,6.52,5.5,FB Marketplace,-7.31,-112.1,50,-40.8,SKIP,0.33,0.0,8.0,0.0,13.83,amazon,medium
2026-03-24T20:48:54.899492,neck stretcher,health,5.99,5.5,FB Marketplace,-7.81,-130.4,50,-48.9,SKIP,0.3,0.0,8.0,0.0,13.8,amazon,medium
2026-03-24T20:52:31.713756,dog puzzle toy,pet,6.89,5.5,FB Marketplace,-6.95,-100.9,0,-50.8,SKIP,0.34,0.0,8.0,0.0,13.84,amazon,medium
2026-03-24T20:51:38.430269,resistance bands set,fitness,3.65,3.5,FB Marketplace,-4.53,-124.2,1,-56.2,SKIP,0.18,0.0,4.5,0.0,8.18,amazon,light
2026-03-24T20:48:46.548712,gua sha tool,health,2.41,2.0,FB Marketplace,-4.21,-174.7,50,-61.2,SKIP,0.12,0.0,4.5,0.0,6.62,amazon,light
2026-03-24T20:51:59.889719,jump rope weighted,fitness,3.09,3.5,FB Marketplace,-5.06,-163.9,0,-73.2,SKIP,0.15,0.0,4.5,0.0,8.15,amazon,light
2026-03-24T20:51:01.458233,phone projector,tech,8.99,14.0,FB Marketplace,-13.46,-149.7,0,-80.1,SKIP,0.45,0.0,8.0,0.0,22.45,amazon,medium
2026-03-24T20:50:31.585111,vegetable chopper,kitchen,4.99,5.5,FB Marketplace,-8.76,-175.5,1,-83.0,SKIP,0.25,0.0,8.0,0.0,13.75,amazon,medium
2026-03-24T20:52:39.900558,cat water fountain,pet,5.99,8.5,FB Marketplace,-10.81,-180.5,6,-86.6,SKIP,0.3,0.0,8.0,0.0,16.8,amazon,medium
2026-03-24T20:49:04.295131,scalp massager,health,2.24,2.75,FB Marketplace,-8.62,-384.9,50,-151.9,SKIP,0.11,0.0,8.0,0.0,10.86,amazon,medium
2026-03-25T12:06:28.762978,posture corrector,health,15.21,4.25,FB Marketplace,2.2,14.5,40,21.1,WATCH,0.76,0.0,8.0,0.0,13.01,amazon+ebay,medium
2026-03-25T12:06:42.847048,gua sha tool,health,2.59,2.0,FB Marketplace,-4.04,-156.0,11,-65.2,SKIP,0.13,0.0,4.5,0.0,6.63,amazon,light
2026-03-25T13:21:46.961663,yoga mat,fitness,27.99,7.0,FB Marketplace,15.09,53.9,13,48.1,LIST,1.4,0.0,4.5,0.0,12.9,amazon,light
2026-03-25T13:20:59.543373,phone projector,tech,39.99,14.0,FB Marketplace,15.99,40.0,0,40.0,LIST,2.0,0.0,8.0,0.0,24.0,amazon,medium
2026-03-25T13:19:25.208933,led face mask,beauty,39.99,16.5,FB Marketplace,13.49,33.7,18,39.1,LIST,2.0,0.0,8.0,0.0,26.5,amazon,medium
2026-03-25T13:21:19.300536,cable organizer,tech,13.99,2.0,FB Marketplace,6.79,48.5,0,29.6,LIST,0.7,0.0,4.5,0.0,7.2,amazon,light
2026-03-25T13:21:40.066144,pull up bar,fitness,19.97,8.5,FB Marketplace,2.47,12.4,2,9.3,WATCH,1.0,0.0,8.0,0.0,17.5,amazon,medium
2026-03-25T13:23:38.058456,led candles,home,6.99,3.5,FB Marketplace,-1.36,-19.4,1,-9.5,SKIP,0.35,0.0,4.5,0.0,8.35,amazon,light
2026-03-25T13:20:14.277327,air fryer liner,kitchen,4.99,2.0,FB Marketplace,-1.76,-35.3,0,-16.8,SKIP,0.25,0.0,4.5,0.0,6.75,amazon,light
2026-03-25T13:18:51.209325,ice roller face,health,4.99,2.75,FB Marketplace,-2.51,-50.3,0,-23.9,SKIP,0.25,0.0,4.5,0.0,7.5,amazon,light
2026-03-25T13:22:09.336786,grip strength trainer,fitness,4.99,2.75,FB Marketplace,-2.51,-50.3,0,-23.9,SKIP,0.25,0.0,4.5,0.0,7.5,amazon,light
2026-03-25T13:21:07.319520,ring light,tech,6.99,6.5,FB Marketplace,-4.36,-62.4,7,-29.4,SKIP,0.35,0.0,4.5,0.0,11.35,amazon,light
2026-03-25T13:23:52.469658,shoe rack,home,10.0,8.5,FB Marketplace,-7.0,-70.0,21,-32.2,SKIP,0.5,0.0,8.0,0.0,17.0,amazon,medium
2026-03-25T13:18:43.517024,posture corrector,health,6.79,4.25,FB Marketplace,-5.8,-85.4,29,-34.2,SKIP,0.34,0.0,8.0,0.0,12.59,amazon,medium
2026-03-25T13:22:31.403100,dog puzzle toy,pet,6.99,5.5,FB Marketplace,-6.86,-98.1,50,-34.5,SKIP,0.35,0.0,8.0,0.0,13.85,amazon,medium
2026-03-25T13:23:30.227435,shower head filter,home,6.99,5.5,FB Marketplace,-6.86,-98.1,6,-47.7,SKIP,0.35,0.0,8.0,0.0,13.85,amazon,medium
2026-03-25T13:21:33.554820,resistance bands set,fitness,3.69,3.5,FB Marketplace,-4.49,-121.8,1,-55.2,SKIP,0.18,0.0,4.5,0.0,8.18,amazon,light
2026-03-25T13:20:28.016991,vegetable chopper,kitchen,5.99,5.5,FB Marketplace,-7.81,-130.4,1,-63.6,SKIP,0.3,0.0,8.0,0.0,13.8,amazon,medium
2026-03-25T13:22:38.791765,cat water fountain,pet,6.49,8.5,FB Marketplace,-10.33,-159.2,50,-64.2,SKIP,0.32,0.0,8.0,0.0,16.82,amazon,medium
2026-03-25T13:22:01.670438,jump rope weighted,fitness,3.29,3.5,FB Marketplace,-4.87,-148.2,0,-66.6,SKIP,0.16,0.0,4.5,0.0,8.16,amazon,light
2026-03-25T13:20:21.525222,knife sharpener,kitchen,2.71,4.0,FB Marketplace,-5.93,-218.7,7,-94.3,SKIP,0.14,0.0,4.5,0.0,8.64,amazon,light
2026-03-25T13:20:52.310949,wireless earbuds,tech,3.27,6.5,FB Marketplace,-11.39,-348.4,17,-151.3,SKIP,0.16,0.0,8.0,0.0,14.66,amazon,medium
2026-03-25T13:39:03.013071,phone projector,tech,84.96,14.0,FB Marketplace,58.71,69.1,0,57.6,LIST,4.25,0.0,8.0,0.0,26.25,amazon,medium
2026-03-25T13:39:53.328098,yoga mat,fitness,27.99,7.0,FB Marketplace,15.09,53.9,13,48.1,LIST,1.4,0.0,4.5,0.0,12.9,amazon,light
2026-03-25T13:37:20.769843,led face mask,beauty,39.99,16.5,FB Marketplace,13.49,33.7,18,39.1,LIST,2.0,0.0,8.0,0.0,26.5,amazon,medium
2026-03-25T13:39:24.237144,cable organizer,tech,14.99,2.0,FB Marketplace,7.74,51.6,0,32.2,LIST,0.75,0.0,4.5,0.0,7.25,amazon,light
2026-03-25T13:39:46.171156,pull up bar,fitness,19.74,8.5,FB Marketplace,2.25,11.4,2,8.5,WATCH,0.99,0.0,8.0,0.0,17.49,amazon,medium
2026-03-25T13:37:54.418232,lash serum,beauty,6.99,2.75,FB Marketplace,-0.61,-8.7,42,8.2,SKIP,0.35,0.0,4.5,0.0,7.6,amazon,light
2026-03-25T13:41:21.883872,led candles,home,6.29,3.5,FB Marketplace,-2.02,-32.2,50,-0.9,SKIP,0.31,0.0,4.5,0.0,8.31,amazon,light
2026-03-25T13:38:19.344771,air fryer liner,kitchen,4.99,2.0,FB Marketplace,-1.76,-35.3,0,-16.8,SKIP,0.25,0.0,4.5,0.0,6.75,amazon,light
2026-03-25T13:37:29.440403,dermaplaning tool,beauty,4.89,2.0,FB Marketplace,-1.85,-37.9,0,-17.9,SKIP,0.24,0.0,4.5,0.0,6.74,amazon,light
2026-03-25T13:41:36.228300,shoe rack,home,9.99,8.5,FB Marketplace,-7.01,-70.2,50,-23.6,SKIP,0.5,0.0,8.0,0.0,17.0,amazon,medium
2026-03-25T13:36:40.890988,ice roller face,health,4.99,2.75,FB Marketplace,-2.51,-50.3,0,-23.9,SKIP,0.25,0.0,4.5,0.0,7.5,amazon,light
2026-03-25T13:39:10.306712,ring light,tech,6.99,6.5,FB Marketplace,-4.36,-62.4,7,-29.4,SKIP,0.35,0.0,4.5,0.0,11.35,amazon,light
2026-03-25T13:38:10.721650,portable blender,kitchen,9.99,8.5,FB Marketplace,-7.01,-70.2,13,-34.7,SKIP,0.5,0.0,8.0,0.0,17.0,amazon,medium
2026-03-25T13:41:14.189707,shower head filter,home,6.7,5.5,FB Marketplace,-7.14,-106.5,50,-38.3,SKIP,0.34,0.0,8.0,0.0,13.84,amazon,medium
2026-03-25T13:38:40.584657,electric lunch box,kitchen,9.9,8.5,FB Marketplace,-7.09,-71.7,0,-39.3,SKIP,0.5,0.0,8.0,0.0,16.99,amazon,medium
2026-03-25T13:36:32.737961,posture corrector,health,5.99,4.25,FB Marketplace,-6.56,-109.5,29,-44.9,SKIP,0.3,0.0,8.0,0.0,12.55,amazon,medium
2026-03-25T13:39:38.987625,resistance bands set,fitness,3.69,3.5,FB Marketplace,-4.49,-121.8,1,-55.2,SKIP,0.18,0.0,4.5,0.0,8.18,amazon,light
2026-03-25T13:38:33.350382,vegetable chopper,kitchen,5.99,5.5,FB Marketplace,-7.81,-130.4,1,-63.6,SKIP,0.3,0.0,8.0,0.0,13.8,amazon,medium
2026-03-25T13:36:56.475072,neck stretcher,health,5.99,5.5,FB Marketplace,-7.81,-130.4,0,-63.9,SKIP,0.3,0.0,8.0,0.0,13.8,amazon,medium
2026-03-25T13:36:48.741677,gua sha tool,health,2.63,2.0,FB Marketplace,-4.0,-152.1,8,-64.4,SKIP,0.13,0.0,4.5,0.0,6.63,amazon,light
2026-03-25T13:40:00.465404,jump rope weighted,fitness,3.29,3.5,FB Marketplace,-4.87,-148.2,0,-66.6,SKIP,0.16,0.0,4.5,0.0,8.16,amazon,light
2026-03-25T13:40:29.341019,cat water fountain,pet,6.49,8.5,FB Marketplace,-10.33,-159.2,6,-77.4,SKIP,0.32,0.0,8.0,0.0,16.82,amazon,medium
2026-03-25T13:38:26.811862,knife sharpener,kitchen,2.71,4.0,FB Marketplace,-5.93,-218.7,7,-94.3,SKIP,0.14,0.0,4.5,0.0,8.64,amazon,light
2026-03-25T13:38:56.004804,wireless earbuds,tech,3.39,6.5,FB Marketplace,-11.28,-332.7,17,-144.9,SKIP,0.17,0.0,8.0,0.0,14.67,amazon,medium
2026-03-25T13:37:03.682685,scalp massager,health,2.4,2.75,FB Marketplace,-8.47,-352.9,11,-150.6,SKIP,0.12,0.0,8.0,0.0,10.87,amazon,medium
2026-03-26T05:02:52.570368,cable organizer,tech,13.99,2.0,FB Marketplace,6.79,48.5,0,29.6,LIST,0.7,0.0,4.5,0.0,7.2,amazon,light
2026-03-26T05:00:22.759722,posture corrector,health,15.34,4.25,FB Marketplace,2.32,15.1,42,22.1,WATCH,0.77,0.0,8.0,0.0,13.02,amazon+ebay,medium
2026-03-26T05:03:17.662803,yoga mat,fitness,14.99,7.0,FB Marketplace,2.74,18.3,14,15.6,WATCH,0.75,0.0,4.5,0.0,12.25,amazon,light
2026-03-26T05:03:11.771635,pull up bar,fitness,18.68,8.5,FB Marketplace,1.25,6.7,1,4.9,WATCH,0.93,0.0,8.0,0.0,17.43,amazon,medium
2026-03-26T05:00:30.389153,ice roller face,health,4.99,2.75,FB Marketplace,-2.51,-50.3,1,-23.6,SKIP,0.25,0.0,4.5,0.0,7.5,amazon,light
2026-03-26T05:02:13.794266,electric lunch box,kitchen,9.99,8.5,FB Marketplace,-7.01,-70.2,50,-23.6,SKIP,0.5,0.0,8.0,0.0,17.0,amazon,medium
2026-03-26T05:03:48.538808,dog puzzle toy,pet,6.89,5.5,FB Marketplace,-6.95,-100.9,50,-35.8,SKIP,0.34,0.0,8.0,0.0,13.84,amazon,medium
2026-03-26T05:03:05.581212,resistance bands set,fitness,3.99,3.5,FB Marketplace,-4.21,-105.5,1,-48.2,SKIP,0.2,0.0,4.5,0.0,8.2,amazon,light
2026-03-26T05:04:27.610359,shower head filter,home,6.95,5.5,FB Marketplace,-6.9,-99.2,6,-48.2,SKIP,0.35,0.0,8.0,0.0,13.85,amazon,medium
2026-03-26T05:03:25.656260,jump rope weighted,fitness,3.2,3.5,FB Marketplace,-4.96,-155.0,0,-69.4,SKIP,0.16,0.0,4.5,0.0,8.16,amazon,light
2026-03-26T05:02:06.959690,vegetable chopper,kitchen,4.79,5.5,FB Marketplace,-8.95,-186.8,50,-73.1,SKIP,0.24,0.0,8.0,0.0,13.74,amazon,medium
2026-03-26T05:02:33.912222,phone projector,tech,8.09,14.0,FB Marketplace,-14.31,-176.9,0,-92.2,SKIP,0.4,0.0,8.0,0.0,22.4,amazon,medium
2026-03-27T05:03:05.783295,cable organizer,tech,15.99,2.0,FB Marketplace,8.69,54.3,50,49.8,LIST,0.8,0.0,4.5,0.0,7.3,amazon,light
2026-03-27T05:01:09.687957,led face mask,beauty,39.99,16.5,FB Marketplace,13.49,33.7,17,38.8,LIST,2.0,0.0,8.0,0.0,26.5,amazon,medium
2026-03-27T05:00:25.627343,posture corrector,health,15.24,4.25,FB Marketplace,2.23,14.6,46,23.0,WATCH,0.76,0.0,8.0,0.0,13.01,amazon+ebay,medium
2026-03-27T05:03:36.678776,yoga mat,fitness,14.99,7.0,FB Marketplace,2.74,18.3,15,15.9,WATCH,0.75,0.0,4.5,0.0,12.25,amazon,light
2026-03-27T05:01:37.132456,lash serum,beauty,5.99,2.75,FB Marketplace,-1.56,-26.0,39,-1.0,SKIP,0.3,0.0,4.5,0.0,7.55,amazon,light
2026-03-27T05:03:27.897011,pull up bar,fitness,13.79,8.5,FB Marketplace,-3.4,-24.7,1,-14.7,SKIP,0.69,0.0,8.0,0.0,17.19,amazon,medium
2026-03-27T05:02:52.702309,ring light,tech,6.99,6.5,FB Marketplace,-4.36,-62.4,50,-16.5,SKIP,0.35,0.0,4.5,0.0,11.35,amazon,light
2026-03-27T05:05:00.785844,led candles,home,5.99,3.5,FB Marketplace,-2.31,-38.6,1,-18.6,SKIP,0.3,0.0,4.5,0.0,8.3,amazon,light
2026-03-27T05:02:39.331566,wireless earbuds,tech,8.99,6.5,FB Marketplace,-5.96,-66.3,50,-20.5,SKIP,0.45,0.0,8.0,0.0,14.95,amazon,medium
2026-03-27T05:00:33.467297,ice roller face,health,4.99,2.75,FB Marketplace,-2.51,-50.3,1,-23.6,SKIP,0.25,0.0,4.5,0.0,7.5,amazon,light
2026-03-27T05:00:53.325793,scalp massager,health,6.99,2.75,FB Marketplace,-4.11,-58.8,19,-24.0,SKIP,0.35,0.0,8.0,0.0,11.1,amazon,medium
2026-03-27T05:01:16.709180,dermaplaning tool,beauty,4.44,2.0,FB Marketplace,-2.28,-51.4,0,-24.0,SKIP,0.22,0.0,4.5,0.0,6.72,amazon,light
2026-03-27T05:03:52.064594,grip strength trainer,fitness,4.75,2.75,FB Marketplace,-2.74,-57.6,0,-27.2,SKIP,0.24,0.0,4.5,0.0,7.49,amazon,light
2026-03-27T05:02:00.526001,air fryer liner,kitchen,3.99,2.0,FB Marketplace,-2.71,-67.9,0,-31.2,SKIP,0.2,0.0,4.5,0.0,6.7,amazon,light
2026-03-27T05:02:22.355222,electric lunch box,kitchen,9.9,8.5,FB Marketplace,-7.09,-71.7,0,-39.3,SKIP,0.5,0.0,8.0,0.0,16.99,amazon,medium
2026-03-27T05:01:54.123087,portable blender,kitchen,8.99,8.5,FB Marketplace,-7.96,-88.5,16,-42.5,SKIP,0.45,0.0,8.0,0.0,16.95,amazon,medium
2026-03-27T05:03:21.493287,resistance bands set,fitness,3.99,3.5,FB Marketplace,-4.21,-105.5,1,-48.2,SKIP,0.2,0.0,4.5,0.0,8.2,amazon,light
2026-03-27T05:04:53.938690,shower head filter,home,6.76,5.5,FB Marketplace,-7.08,-104.7,6,-50.7,SKIP,0.34,0.0,8.0,0.0,13.84,amazon,medium
2026-03-27T05:04:08.799632,dog puzzle toy,pet,6.89,5.5,FB Marketplace,-6.95,-100.9,0,-50.8,SKIP,0.34,0.0,8.0,0.0,13.84,amazon,medium
2026-03-27T05:03:43.586822,jump rope weighted,fitness,3.4,3.5,FB Marketplace,-4.77,-140.3,0,-63.3,SKIP,0.17,0.0,4.5,0.0,8.17,amazon,light
2026-03-27T05:00:47.159353,neck stretcher,health,5.99,5.5,FB Marketplace,-7.81,-130.4,1,-63.6,SKIP,0.3,0.0,8.0,0.0,13.8,amazon,medium
2026-03-27T05:05:15.098020,shoe rack,home,6.99,8.5,FB Marketplace,-9.86,-141.1,22,-64.6,SKIP,0.35,0.0,8.0,0.0,16.85,amazon,medium
2026-03-27T05:00:40.269067,gua sha tool,health,2.41,2.0,FB Marketplace,-4.21,-174.7,15,-71.7,SKIP,0.12,0.0,4.5,0.0,6.62,amazon,light
2026-03-27T05:02:46.292499,phone projector,tech,8.09,14.0,FB Marketplace,-14.31,-176.9,50,-77.2,SKIP,0.4,0.0,8.0,0.0,22.4,amazon,medium
2026-03-27T05:04:16.228506,cat water fountain,pet,6.49,8.5,FB Marketplace,-10.33,-159.2,6,-77.4,SKIP,0.32,0.0,8.0,0.0,16.82,amazon,medium
2026-03-27T05:02:15.400478,vegetable chopper,kitchen,4.79,5.5,FB Marketplace,-8.95,-186.8,1,-87.8,SKIP,0.24,0.0,8.0,0.0,13.74,amazon,medium
2026-03-27T05:02:07.300367,knife sharpener,kitchen,2.62,4.0,FB Marketplace,-6.01,-229.4,7,-98.7,SKIP,0.13,0.0,4.5,0.0,8.63,amazon,light
2026-03-29T05:02:56.728689,cable organizer,tech,13.99,2.0,FB Marketplace,6.79,48.5,0,29.6,LIST,0.7,0.0,4.5,0.0,7.2,amazon,light
2026-03-29T05:00:23.901787,posture corrector,health,15.99,4.25,FB Marketplace,2.94,18.4,42,24.4,WATCH,0.8,0.0,8.0,0.0,13.05,ebay,medium
2026-03-29T05:03:26.370341,yoga mat,fitness,14.99,7.0,FB Marketplace,2.74,18.3,17,16.5,WATCH,0.75,0.0,4.5,0.0,12.25,amazon,light
2026-03-29T05:01:35.063725,lash serum,beauty,5.99,2.75,FB Marketplace,-1.56,-26.0,50,2.3,SKIP,0.3,0.0,4.5,0.0,7.55,amazon,light
2026-03-29T05:03:20.180403,pull up bar,fitness,14.99,8.5,FB Marketplace,-2.26,-15.1,1,-9.1,SKIP,0.75,0.0,8.0,0.0,17.25,amazon,medium
2026-03-29T05:04:45.784727,led candles,home,6.99,3.5,FB Marketplace,-1.36,-19.4,2,-9.2,SKIP,0.35,0.0,4.5,0.0,8.35,amazon,light
2026-03-29T05:01:55.802415,air fryer liner,kitchen,4.99,2.0,FB Marketplace,-1.76,-35.3,0,-16.8,SKIP,0.25,0.0,4.5,0.0,6.75,amazon,light
2026-03-29T05:01:13.490554,dermaplaning tool,beauty,4.74,2.0,FB Marketplace,-2.0,-42.1,0,-19.8,SKIP,0.24,0.0,4.5,0.0,6.74,amazon,light
2026-03-29T05:00:31.120385,ice roller face,health,4.99,2.75,FB Marketplace,-2.51,-50.3,1,-23.6,SKIP,0.25,0.0,4.5,0.0,7.5,amazon,light
2026-03-29T05:01:49.637276,portable blender,kitchen,9.99,8.5,FB Marketplace,-7.01,-70.2,20,-32.6,SKIP,0.5,0.0,8.0,0.0,17.0,amazon,medium
2026-03-29T05:02:16.408180,electric lunch box,kitchen,9.99,8.5,FB Marketplace,-7.01,-70.2,0,-38.6,SKIP,0.5,0.0,8.0,0.0,17.0,amazon,medium
2026-03-29T05:04:59.828441,shoe rack,home,7.99,8.5,FB Marketplace,-8.91,-111.5,47,-43.9,SKIP,0.4,0.0,8.0,0.0,16.9,amazon,medium
2026-03-29T05:04:38.474161,shower head filter,home,6.78,5.5,FB Marketplace,-7.06,-104.1,14,-48.0,SKIP,0.34,0.0,8.0,0.0,13.84,amazon,medium
2026-03-29T05:03:55.029563,dog puzzle toy,pet,6.49,5.5,FB Marketplace,-7.33,-113.0,0,-56.2,SKIP,0.32,0.0,8.0,0.0,13.82,amazon,medium
2026-03-29T05:00:38.436929,gua sha tool,health,2.39,2.0,FB Marketplace,-4.23,-177.0,14,-72.9,SKIP,0.12,0.0,4.5,0.0,6.62,amazon,light
2026-03-29T05:03:34.259332,jump rope weighted,fitness,2.99,3.5,FB Marketplace,-5.16,-172.6,0,-76.8,SKIP,0.15,0.0,4.5,0.0,8.15,amazon,light
2026-03-29T05:02:37.062964,phone projector,tech,8.09,14.0,FB Marketplace,-14.31,-176.9,0,-92.2,SKIP,0.4,0.0,8.0,0.0,22.4,amazon,medium
2026-03-29T05:02:03.713867,knife sharpener,kitchen,2.62,4.0,FB Marketplace,-6.01,-229.4,7,-98.7,SKIP,0.13,0.0,4.5,0.0,8.63,amazon,light
2026-03-29T05:02:30.094882,wireless earbuds,tech,3.59,6.5,FB Marketplace,-11.09,-308.9,21,-133.9,SKIP,0.18,0.0,8.0,0.0,14.68,amazon,medium
2026-03-29T05:00:51.901984,scalp massager,health,2.26,2.75,FB Marketplace,-8.6,-380.7,15,-160.7,SKIP,0.11,0.0,8.0,0.0,10.86,amazon,medium
2026-03-30T05:01:03.127656,led face mask,beauty,39.99,16.5,FB Marketplace,13.49,33.7,50,48.7,LIST,2.0,0.0,8.0,0.0,26.5,amazon,medium
2026-03-30T05:04:40.470766,led candles,home,22.73,3.5,FB Marketplace,13.59,59.8,2,44.9,LIST,1.14,0.0,4.5,0.0,9.14,ebay,light
2026-03-30T05:02:55.051929,cable organizer,tech,18.99,2.0,FB Marketplace,11.54,60.8,0,41.6,LIST,0.95,0.0,4.5,0.0,7.45,amazon,light
2026-03-30T05:00:22.236185,posture corrector,health,15.99,4.25,FB Marketplace,2.94,18.4,47,25.9,WATCH,0.8,0.0,8.0,0.0,13.05,ebay,medium
2026-03-30T05:01:53.232722,air fryer liner,kitchen,4.3,2.0,FB Marketplace,-2.42,-56.2,50,-11.1,SKIP,0.21,0.0,4.5,0.0,6.71,amazon,light
2026-03-30T05:03:14.258977,pull up bar,fitness,13.89,8.5,FB Marketplace,-3.3,-23.8,1,-14.2,SKIP,0.69,0.0,8.0,0.0,17.19,amazon,medium
2026-03-30T05:02:13.762199,electric lunch box,kitchen,9.99,8.5,FB Marketplace,-7.01,-70.2,50,-23.6,SKIP,0.5,0.0,8.0,0.0,17.0,amazon,medium
2026-03-30T05:03:34.712998,grip strength trainer,fitness,4.97,2.75,FB Marketplace,-2.53,-50.9,0,-24.2,SKIP,0.25,0.0,4.5,0.0,7.5,amazon,light
2026-03-30T05:02:41.134849,ring light,tech,6.99,6.5,FB Marketplace,-4.36,-62.4,7,-29.4,SKIP,0.35,0.0,4.5,0.0,11.35,amazon,light
2026-03-30T05:03:07.324089,resistance bands set,fitness,3.99,3.5,FB Marketplace,-4.21,-105.5,2,-47.9,SKIP,0.2,0.0,4.5,0.0,8.2,amazon,light
2026-03-30T05:03:58.619425,cat water fountain,pet,6.49,8.5,FB Marketplace,-10.33,-159.2,50,-64.2,SKIP,0.32,0.0,8.0,0.0,16.82,amazon,medium
2026-03-30T05:00:35.288866,gua sha tool,health,2.39,2.0,FB Marketplace,-4.23,-177.0,16,-72.3,SKIP,0.12,0.0,4.5,0.0,6.62,amazon,light
2026-03-30T05:02:28.361732,wireless earbuds,tech,3.48,6.5,FB Marketplace,-11.19,-321.7,22,-138.9,SKIP,0.17,0.0,8.0,0.0,14.67,amazon,medium
2026-03-30T05:00:47.389556,scalp massager,health,2.26,2.75,FB Marketplace,-8.6,-380.7,17,-160.1,SKIP,0.11,0.0,8.0,0.0,10.86,amazon,medium
2026-04-01T05:01:04.616210,led face mask,beauty,39.99,16.5,FB Marketplace,13.49,33.7,50,48.7,LIST,2.0,0.0,8.0,0.0,26.5,amazon,medium
2026-04-01T05:02:55.311564,cable organizer,tech,13.99,2.0,FB Marketplace,6.79,48.5,0,29.6,LIST,0.7,0.0,4.5,0.0,7.2,amazon,light
2026-04-01T05:00:23.128188,posture corrector,health,15.53,4.25,FB Marketplace,2.5,16.1,50,25.2,WATCH,0.78,0.0,8.0,0.0,13.03,ebay,medium
2026-04-01T05:03:21.991577,yoga mat,fitness,14.99,7.0,FB Marketplace,2.74,18.3,30,20.4,WATCH,0.75,0.0,4.5,0.0,12.25,amazon,light
2026-04-01T05:04:35.174336,led candles,home,6.99,3.5,FB Marketplace,-1.36,-19.4,2,-9.2,SKIP,0.35,0.0,4.5,0.0,8.35,amazon,light
2026-04-01T05:02:15.723532,electric lunch box,kitchen,9.99,8.5,FB Marketplace,-7.01,-70.2,50,-23.6,SKIP,0.5,0.0,8.0,0.0,17.0,amazon,medium
2026-04-01T05:03:35.345731,grip strength trainer,fitness,4.99,2.75,FB Marketplace,-2.51,-50.3,0,-23.9,SKIP,0.25,0.0,4.5,0.0,7.5,amazon,light
2026-04-01T05:02:40.646405,ring light,tech,6.99,6.5,FB Marketplace,-4.36,-62.4,10,-28.5,SKIP,0.35,0.0,4.5,0.0,11.35,amazon,light
2026-04-01T05:03:28.878545,jump rope weighted,fitness,4.99,3.5,FB Marketplace,-3.26,-65.3,0,-31.0,SKIP,0.25,0.0,4.5,0.0,8.25,amazon,light
2026-04-01T05:04:48.631506,shoe rack,home,7.99,8.5,FB Marketplace,-8.91,-111.5,54,-41.8,SKIP,0.4,0.0,8.0,0.0,16.9,amazon,medium
2026-04-01T05:02:09.295989,vegetable chopper,kitchen,5.99,5.5,FB Marketplace,-7.81,-130.4,50,-48.9,SKIP,0.3,0.0,8.0,0.0,13.8,amazon,medium
2026-04-01T05:04:26.977418,shower head filter,home,5.99,5.5,FB Marketplace,-7.81,-130.4,16,-59.1,SKIP,0.3,0.0,8.0,0.0,13.8,amazon,medium
2026-04-01T05:00:42.380210,neck stretcher,health,5.99,5.5,FB Marketplace,-7.81,-130.4,1,-63.6,SKIP,0.3,0.0,8.0,0.0,13.8,amazon,medium
2026-04-01T05:03:54.071881,cat water fountain,pet,5.99,8.5,FB Marketplace,-10.81,-180.5,7,-86.3,SKIP,0.3,0.0,8.0,0.0,16.8,amazon,medium
2026-04-01T05:02:33.929945,phone projector,tech,8.19,14.0,FB Marketplace,-14.22,-173.6,0,-90.8,SKIP,0.41,0.0,8.0,0.0,22.41,amazon,medium
2026-04-01T05:02:27.729670,wireless earbuds,tech,3.48,6.5,FB Marketplace,-11.19,-321.7,29,-136.8,SKIP,0.17,0.0,8.0,0.0,14.67,amazon,medium
2026-04-03T05:03:31.876996,yoga mat,fitness,35.99,7.0,FB Marketplace,22.69,63.0,30,64.2,LIST,1.8,0.0,4.5,0.0,13.3,amazon,light
2026-04-03T05:00:22.668339,posture corrector,health,17.01,4.25,FB Marketplace,3.91,23.0,46,28.9,LIST,0.85,0.0,8.0,0.0,13.1,amazon+ebay,medium
2026-04-03T05:01:07.964082,led face mask,beauty,30.99,16.5,FB Marketplace,4.94,15.9,50,28.8,WATCH,1.55,0.0,8.0,0.0,26.05,amazon,medium
2026-04-03T05:03:03.195408,cable organizer,tech,12.98,2.0,FB Marketplace,5.83,44.9,0,26.7,LIST,0.65,0.0,4.5,0.0,7.15,amazon,light
2026-04-03T05:01:36.604383,lash serum,beauty,5.99,2.75,FB Marketplace,-1.56,-26.0,50,2.3,SKIP,0.3,0.0,4.5,0.0,7.55,amazon,light
2026-04-03T05:02:40.836853,phone projector,tech,22.99,14.0,FB Marketplace,-0.16,-0.7,0,-0.5,SKIP,1.15,0.0,8.0,0.0,23.15,amazon,medium
2026-04-03T05:01:14.743928,dermaplaning tool,beauty,4.74,2.0,FB Marketplace,-2.0,-42.1,50,-4.8,SKIP,0.24,0.0,4.5,0.0,6.74,amazon,light
2026-04-03T05:02:32.910995,wireless earbuds,tech,11.99,6.5,FB Marketplace,-3.11,-25.9,33,-5.1,SKIP,0.6,0.0,8.0,0.0,15.1,amazon,medium
2026-04-03T05:03:23.739793,pull up bar,fitness,14.98,8.5,FB Marketplace,-2.27,-15.1,2,-8.8,SKIP,0.75,0.0,8.0,0.0,17.25,amazon,medium
2026-04-03T05:04:50.194210,led candles,home,6.99,3.5,FB Marketplace,-1.36,-19.4,3,-8.9,SKIP,0.35,0.0,4.5,0.0,8.35,amazon,light
2026-04-03T05:00:30.503269,ice roller face,health,5.23,2.75,FB Marketplace,-2.28,-43.6,0,-20.9,SKIP,0.26,0.0,4.5,0.0,7.51,amazon,light
2026-04-03T05:03:45.759562,grip strength trainer,fitness,4.99,2.75,FB Marketplace,-2.51,-50.3,0,-23.9,SKIP,0.25,0.0,4.5,0.0,7.5,amazon,light
2026-04-03T05:01:57.449756,air fryer liner,kitchen,4.34,2.0,FB Marketplace,-2.38,-54.8,0,-25.5,SKIP,0.22,0.0,4.5,0.0,6.72,amazon,light
2026-04-03T05:02:49.085910,ring light,tech,6.99,6.5,FB Marketplace,-4.36,-62.4,12,-27.9,SKIP,0.35,0.0,4.5,0.0,11.35,amazon,light
2026-04-03T05:02:19.841463,electric lunch box,kitchen,9.99,8.5,FB Marketplace,-7.01,-70.2,1,-38.3,SKIP,0.5,0.0,8.0,0.0,17.0,amazon,medium
2026-04-03T05:05:04.885726,shoe rack,home,7.99,8.5,FB Marketplace,-8.91,-111.5,48,-43.6,SKIP,0.4,0.0,8.0,0.0,16.9,amazon,medium
2026-04-03T05:03:16.370622,resistance bands set,fitness,3.99,3.5,FB Marketplace,-4.21,-105.5,4,-47.3,SKIP,0.2,0.0,4.5,0.0,8.2,amazon,light
2026-04-03T05:01:50.209027,portable blender,kitchen,8.06,8.5,FB Marketplace,-8.84,-109.7,28,-48.7,SKIP,0.4,0.0,8.0,0.0,16.9,amazon,medium
2026-04-03T05:02:12.324000,vegetable chopper,kitchen,6.99,5.5,FB Marketplace,-6.86,-98.1,1,-49.2,SKIP,0.35,0.0,8.0,0.0,13.85,amazon,medium
2026-04-03T05:03:59.824468,dog puzzle toy,pet,6.8,5.5,FB Marketplace,-7.04,-103.5,0,-52.0,SKIP,0.34,0.0,8.0,0.0,13.84,amazon,medium
2026-04-03T05:04:42.679801,shower head filter,home,5.99,5.5,FB Marketplace,-7.81,-130.4,15,-59.4,SKIP,0.3,0.0,8.0,0.0,13.8,amazon,medium
2026-04-03T05:00:45.738866,neck stretcher,health,5.99,5.5,FB Marketplace,-7.81,-130.4,1,-63.6,SKIP,0.3,0.0,8.0,0.0,13.8,amazon,medium
2026-04-03T05:03:38.007198,jump rope weighted,fitness,3.29,3.5,FB Marketplace,-4.87,-148.2,0,-66.6,SKIP,0.16,0.0,4.5,0.0,8.16,amazon,light
2026-04-03T05:00:38.401015,gua sha tool,health,2.39,2.0,FB Marketplace,-4.23,-177.0,16,-72.3,SKIP,0.12,0.0,4.5,0.0,6.62,amazon,light
2026-04-03T05:04:05.828624,cat water fountain,pet,5.99,8.5,FB Marketplace,-10.81,-180.5,5,-86.9,SKIP,0.3,0.0,8.0,0.0,16.8,amazon,medium
2026-04-03T05:02:04.182324,knife sharpener,kitchen,2.46,4.0,FB Marketplace,-6.16,-250.5,8,-107.0,SKIP,0.12,0.0,4.5,0.0,8.62,amazon,light
2026-04-03T05:00:52.518688,scalp massager,health,2.26,2.75,FB Marketplace,-8.6,-380.7,18,-159.8,SKIP,0.11,0.0,8.0,0.0,10.86,amazon,medium
2026-04-04T05:03:26.751202,yoga mat,fitness,29.99,7.0,FB Marketplace,16.99,56.7,22,54.8,LIST,1.5,0.0,4.5,0.0,13.0,amazon,light
2026-04-04T05:00:24.041249,posture corrector,health,15.47,4.25,FB Marketplace,2.45,15.8,45,23.5,WATCH,0.77,0.0,8.0,0.0,13.02,amazon+ebay,medium
2026-04-04T05:01:08.443246,led face mask,beauty,30.99,16.5,FB Marketplace,4.94,15.9,25,21.3,WATCH,1.55,0.0,8.0,0.0,26.05,amazon,medium
2026-04-04T05:02:58.098240,cable organizer,tech,8.99,2.0,FB Marketplace,2.04,22.7,0,12.1,WATCH,0.45,0.0,4.5,0.0,6.95,amazon,light
2026-04-04T05:03:19.403741,pull up bar,fitness,14.98,8.5,FB Marketplace,-2.27,-15.1,2,-8.8,SKIP,0.75,0.0,8.0,0.0,17.25,amazon,medium
2026-04-04T05:04:48.716462,led candles,home,6.99,3.5,FB Marketplace,-1.36,-19.4,3,-8.9,SKIP,0.35,0.0,4.5,0.0,8.35,amazon,light
2026-04-04T05:01:14.866288,dermaplaning tool,beauty,4.87,2.0,FB Marketplace,-1.87,-38.5,0,-18.2,SKIP,0.24,0.0,4.5,0.0,6.74,amazon,light
2026-04-04T05:00:31.548601,ice roller face,health,4.99,2.75,FB Marketplace,-2.51,-50.3,1,-23.6,SKIP,0.25,0.0,4.5,0.0,7.5,amazon,light
2026-04-04T05:03:42.085885,grip strength trainer,fitness,4.84,2.75,FB Marketplace,-2.65,-54.8,0,-25.9,SKIP,0.24,0.0,4.5,0.0,7.49,amazon,light
2026-04-04T05:02:30.338321,wireless earbuds,tech,8.99,6.5,FB Marketplace,-5.96,-66.3,30,-26.5,SKIP,0.45,0.0,8.0,0.0,14.95,amazon,medium
2026-04-04T05:02:44.461598,ring light,tech,6.99,6.5,FB Marketplace,-4.36,-62.4,12,-27.9,SKIP,0.35,0.0,4.5,0.0,11.35,amazon,light
2026-04-04T05:02:15.479486,electric lunch box,kitchen,9.99,8.5,FB Marketplace,-7.01,-70.2,1,-38.3,SKIP,0.5,0.0,8.0,0.0,17.0,amazon,medium
2026-04-04T05:01:48.779999,portable blender,kitchen,9.0,8.5,FB Marketplace,-7.95,-88.3,28,-38.8,SKIP,0.45,0.0,8.0,0.0,16.95,amazon,medium
2026-04-04T05:04:40.602662,shower head filter,home,6.99,5.5,FB Marketplace,-6.86,-98.1,15,-45.0,SKIP,0.35,0.0,8.0,0.0,13.85,amazon,medium
2026-04-04T05:03:11.702966,resistance bands set,fitness,3.99,3.5,FB Marketplace,-4.21,-105.5,3,-47.6,SKIP,0.2,0.0,4.5,0.0,8.2,amazon,light
2026-04-04T05:03:34.758206,jump rope weighted,fitness,3.99,3.5,FB Marketplace,-4.21,-105.5,0,-48.5,SKIP,0.2,0.0,4.5,0.0,8.2,amazon,light
2026-04-04T05:03:57.027939,dog puzzle toy,pet,6.71,5.5,FB Marketplace,-7.13,-106.2,1,-52.9,SKIP,0.34,0.0,8.0,0.0,13.84,amazon,medium
2026-04-04T05:05:01.415822,shoe rack,home,6.99,8.5,FB Marketplace,-9.86,-141.1,46,-57.4,SKIP,0.35,0.0,8.0,0.0,16.85,amazon,medium
2026-04-04T05:00:44.756265,neck stretcher,health,5.99,5.5,FB Marketplace,-7.81,-130.4,1,-63.6,SKIP,0.3,0.0,8.0,0.0,13.8,amazon,medium
2026-04-04T05:02:07.704775,vegetable chopper,kitchen,5.99,5.5,FB Marketplace,-7.81,-130.4,1,-63.6,SKIP,0.3,0.0,8.0,0.0,13.8,amazon,medium
2026-04-04T05:00:37.910246,gua sha tool,health,2.39,2.0,FB Marketplace,-4.23,-177.0,17,-72.0,SKIP,0.12,0.0,4.5,0.0,6.62,amazon,light
2026-04-04T05:02:37.047653,phone projector,tech,8.49,14.0,FB Marketplace,-13.93,-164.1,0,-86.5,SKIP,0.42,0.0,8.0,0.0,22.42,amazon,medium
2026-04-04T05:04:05.341450,cat water fountain,pet,5.96,8.5,FB Marketplace,-10.84,-181.8,7,-86.9,SKIP,0.3,0.0,8.0,0.0,16.8,amazon,medium
2026-04-04T05:02:00.639417,knife sharpener,kitchen,2.53,4.0,FB Marketplace,-6.1,-241.0,9,-102.9,SKIP,0.13,0.0,4.5,0.0,8.63,amazon,light
2026-04-05T22:31:24.093732,led face mask,beauty,39.99,16.5,FB Marketplace,13.49,33.7,26,41.5,LIST,2.0,0.0,8.0,0.0,26.5,amazon,medium
2026-04-05T22:33:11.374128,cable organizer,tech,12.95,2.0,FB Marketplace,5.8,44.8,0,26.6,LIST,0.65,0.0,4.5,0.0,7.15,amazon,light
2026-04-05T22:30:37.178877,posture corrector,health,15.53,4.25,FB Marketplace,2.5,16.1,46,24.0,WATCH,0.78,0.0,8.0,0.0,13.03,amazon+ebay,medium
2026-04-05T22:33:37.778089,yoga mat,fitness,14.99,7.0,FB Marketplace,2.74,18.3,26,19.2,WATCH,0.75,0.0,4.5,0.0,12.25,amazon,light
2026-04-05T22:31:52.326425,lash serum,beauty,7.99,2.75,FB Marketplace,0.34,4.3,52,17.8,WATCH,0.4,0.0,4.5,0.0,7.65,amazon,light
2026-04-05T22:33:30.575748,pull up bar,fitness,17.99,8.5,FB Marketplace,0.59,3.3,2,2.8,WATCH,0.9,0.0,8.0,0.0,17.4,amazon,medium
2026-04-05T22:34:51.324469,led candles,home,6.99,3.5,FB Marketplace,-1.36,-19.4,3,-8.9,SKIP,0.35,0.0,4.5,0.0,8.35,amazon,light
2026-04-05T22:32:13.517367,air fryer liner,kitchen,4.99,2.0,FB Marketplace,-1.76,-35.3,1,-16.5,SKIP,0.25,0.0,4.5,0.0,6.75,amazon,light
2026-04-05T22:31:32.811714,dermaplaning tool,beauty,4.74,2.0,FB Marketplace,-2.0,-42.1,0,-19.8,SKIP,0.24,0.0,4.5,0.0,6.74,amazon,light
2026-04-05T22:33:51.441874,grip strength trainer,fitness,4.99,2.75,FB Marketplace,-2.51,-50.3,0,-23.9,SKIP,0.25,0.0,4.5,0.0,7.5,amazon,light
2026-04-05T22:32:59.535291,ring light,tech,6.99,6.5,FB Marketplace,-4.36,-62.4,10,-28.5,SKIP,0.35,0.0,4.5,0.0,11.35,amazon,light
2026-04-05T22:32:33.986046,electric lunch box,kitchen,9.99,8.5,FB Marketplace,-7.01,-70.2,1,-38.3,SKIP,0.5,0.0,8.0,0.0,17.0,amazon,medium
2026-04-05T22:34:44.413857,shower head filter,home,6.99,5.5,FB Marketplace,-6.86,-98.1,14,-45.3,SKIP,0.35,0.0,8.0,0.0,13.85,amazon,medium
2026-04-05T22:35:03.597957,shoe rack,home,7.99,8.5,FB Marketplace,-8.91,-111.5,41,-45.7,SKIP,0.4,0.0,8.0,0.0,16.9,amazon,medium
2026-04-05T22:33:23.959492,resistance bands set,fitness,3.99,3.5,FB Marketplace,-4.21,-105.5,3,-47.6,SKIP,0.2,0.0,4.5,0.0,8.2,amazon,light
2026-04-05T22:34:05.638930,dog puzzle toy,pet,6.69,5.5,FB Marketplace,-7.14,-106.8,1,-53.1,SKIP,0.33,0.0,8.0,0.0,13.83,amazon,medium
2026-04-05T22:31:02.713828,neck stretcher,health,5.99,5.5,FB Marketplace,-7.81,-130.4,2,-63.3,SKIP,0.3,0.0,8.0,0.0,13.8,amazon,medium
2026-04-05T22:32:52.486546,phone projector,tech,8.59,14.0,FB Marketplace,-13.84,-161.1,0,-85.2,SKIP,0.43,0.0,8.0,0.0,22.43,amazon,medium
2026-04-05T22:31:09.773237,scalp massager,health,2.42,2.75,FB Marketplace,-8.45,-349.2,20,-146.4,SKIP,0.12,0.0,8.0,0.0,10.87,amazon,medium
2026-04-06T03:41:16.390471,gua sha tool,health,12.95,2.0,FB Marketplace,5.8,44.8,50,41.6,LIST,0.65,0.0,4.5,0.0,7.15,ebay,light
2026-04-06T03:45:02.636599,yoga mat,fitness,15.99,7.0,FB Marketplace,3.69,23.1,50,29.8,LIST,0.8,0.0,4.5,0.0,12.3,amazon,light
2026-04-06T03:40:55.825163,posture corrector,health,15.53,4.25,FB Marketplace,2.5,16.1,50,25.2,WATCH,0.78,0.0,8.0,0.0,13.03,ebay,medium
2026-04-06T03:44:55.719882,pull up bar,fitness,20.33,8.5,FB Marketplace,2.81,13.8,50,24.7,WATCH,1.02,0.0,8.0,0.0,17.52,amazon,medium
2026-04-06T03:41:45.878794,led face mask,beauty,30.99,16.5,FB Marketplace,4.94,15.9,27,21.9,WATCH,1.55,0.0,8.0,0.0,26.05,amazon,medium
2026-04-06T03:43:09.999568,air fryer liner,kitchen,4.99,2.0,FB Marketplace,-1.76,-35.3,50,-1.8,SKIP,0.25,0.0,4.5,0.0,6.75,amazon,light
2026-04-06T03:45:17.947703,grip strength trainer,fitness,4.99,2.75,FB Marketplace,-2.51,-50.3,50,-8.9,SKIP,0.25,0.0,4.5,0.0,7.5,amazon,light
2026-04-06T03:46:56.551083,led candles,home,6.99,3.5,FB Marketplace,-1.36,-19.4,3,-8.9,SKIP,0.35,0.0,4.5,0.0,8.35,amazon,light
2026-04-06T03:43:31.545986,electric lunch box,kitchen,10.29,8.5,FB Marketplace,-6.72,-65.3,50,-21.2,SKIP,0.51,0.0,8.0,0.0,17.01,amazon,medium
2026-04-06T03:43:24.873620,vegetable chopper,kitchen,7.49,5.5,FB Marketplace,-6.38,-85.2,50,-28.7,SKIP,0.37,0.0,8.0,0.0,13.87,amazon,medium
2026-04-06T03:45:09.424713,jump rope weighted,fitness,3.99,3.5,FB Marketplace,-4.21,-105.5,50,-33.5,SKIP,0.2,0.0,4.5,0.0,8.2,amazon,light
2026-04-06T03:45:49.302666,dog puzzle toy,pet,6.85,5.5,FB Marketplace,-6.99,-102.1,50,-36.3,SKIP,0.34,0.0,8.0,0.0,13.84,amazon,medium
2026-04-06T03:47:14.282026,shoe rack,home,7.99,8.5,FB Marketplace,-8.91,-111.5,39,-46.3,SKIP,0.4,0.0,8.0,0.0,16.9,amazon,medium
2026-04-06T03:46:50.232610,shower head filter,home,6.69,5.5,FB Marketplace,-7.14,-106.8,13,-49.5,SKIP,0.33,0.0,8.0,0.0,13.83,amazon,medium
2026-04-06T05:03:31.018177,yoga mat,fitness,26.99,7.0,FB Marketplace,14.14,52.4,26,50.0,LIST,1.35,0.0,4.5,0.0,12.85,amazon,light
2026-04-06T05:01:37.345562,lash serum,beauty,7.97,2.75,FB Marketplace,0.32,4.0,50,17.1,WATCH,0.4,0.0,4.5,0.0,7.65,amazon,light
2026-04-06T05:04:48.703016,led candles,home,6.99,3.5,FB Marketplace,-1.36,-19.4,3,-8.9,SKIP,0.35,0.0,4.5,0.0,8.35,amazon,light
2026-04-06T05:01:52.753242,portable blender,kitchen,12.99,8.5,FB Marketplace,-4.16,-32.0,29,-10.3,SKIP,0.65,0.0,8.0,0.0,17.15,amazon,medium
2026-04-06T05:00:29.018525,ice roller face,health,4.99,2.75,FB Marketplace,-2.51,-50.3,1,-23.6,SKIP,0.25,0.0,4.5,0.0,7.5,amazon,light
2026-04-06T05:03:46.258402,grip strength trainer,fitness,4.99,2.75,FB Marketplace,-2.51,-50.3,0,-23.9,SKIP,0.25,0.0,4.5,0.0,7.5,amazon,light
2026-04-06T05:02:35.521649,wireless earbuds,tech,8.99,6.5,FB Marketplace,-5.96,-66.3,27,-27.4,SKIP,0.45,0.0,8.0,0.0,14.95,amazon,medium
2026-04-06T05:02:20.657890,electric lunch box,kitchen,10.55,8.5,FB Marketplace,-6.48,-61.4,1,-34.0,SKIP,0.53,0.0,8.0,0.0,17.03,amazon,medium
2026-04-06T05:00:21.483557,posture corrector,health,6.29,4.25,FB Marketplace,-6.27,-99.8,40,-37.3,SKIP,0.31,0.0,8.0,0.0,12.56,amazon,medium
2026-04-06T05:02:12.762988,vegetable chopper,kitchen,7.49,5.5,FB Marketplace,-6.38,-85.2,1,-43.4,SKIP,0.37,0.0,8.0,0.0,13.87,amazon,medium
2026-04-06T05:03:39.352697,jump rope weighted,fitness,3.99,3.5,FB Marketplace,-4.21,-105.5,0,-48.5,SKIP,0.2,0.0,4.5,0.0,8.2,amazon,light
2026-04-06T05:00:43.392342,neck stretcher,health,6.99,5.5,FB Marketplace,-6.86,-98.1,2,-48.9,SKIP,0.35,0.0,8.0,0.0,13.85,amazon,medium
2026-04-06T05:02:42.741466,phone projector,tech,8.59,14.0,FB Marketplace,-13.84,-161.1,0,-85.2,SKIP,0.43,0.0,8.0,0.0,22.43,amazon,medium
2026-04-06T05:04:08.022060,cat water fountain,pet,5.99,8.5,FB Marketplace,-10.81,-180.5,7,-86.3,SKIP,0.3,0.0,8.0,0.0,16.8,amazon,medium
2026-04-06T05:00:50.924224,scalp massager,health,2.39,2.75,FB Marketplace,-8.48,-354.8,19,-148.9,SKIP,0.12,0.0,8.0,0.0,10.87,amazon,medium
2026-04-07T05:03:05.921876,cable organizer,tech,13.99,2.0,FB Marketplace,6.79,48.5,50,44.6,LIST,0.7,0.0,4.5,0.0,7.2,amazon,light
2026-04-07T05:00:32.269622,ice roller face,health,15.19,2.75,FB Marketplace,7.18,47.3,1,30.0,LIST,0.76,0.0,4.5,0.0,8.01,amazon+ebay,light
2026-04-07T05:03:37.914748,yoga mat,fitness,15.99,7.0,FB Marketplace,3.69,23.1,50,29.8,LIST,0.8,0.0,4.5,0.0,12.3,amazon,light
2026-04-07T05:00:24.394614,posture corrector,health,15.28,4.25,FB Marketplace,2.27,14.8,42,21.9,WATCH,0.76,0.0,8.0,0.0,13.01,amazon+ebay,medium
2026-04-07T05:01:37.982098,lash serum,beauty,7.97,2.75,FB Marketplace,0.32,4.0,50,17.1,WATCH,0.4,0.0,4.5,0.0,7.65,amazon,light
2026-04-07T05:03:51.120210,grip strength trainer,fitness,4.99,2.75,FB Marketplace,-2.51,-50.3,50,-8.9,SKIP,0.25,0.0,4.5,0.0,7.5,amazon,light
2026-04-07T05:02:51.324152,ring light,tech,6.99,6.5,FB Marketplace,-4.36,-62.4,50,-16.5,SKIP,0.35,0.0,4.5,0.0,11.35,amazon,light
2026-04-07T05:02:20.549951,electric lunch box,kitchen,10.78,8.5,FB Marketplace,-6.26,-58.1,50,-17.6,SKIP,0.54,0.0,8.0,0.0,17.04,amazon,medium
2026-04-07T05:02:37.274738,wireless earbuds,tech,8.99,6.5,FB Marketplace,-5.96,-66.3,50,-20.5,SKIP,0.45,0.0,8.0,0.0,14.95,amazon,medium
2026-04-07T05:03:22.411676,resistance bands set,fitness,3.99,3.5,FB Marketplace,-4.21,-105.5,50,-33.5,SKIP,0.2,0.0,4.5,0.0,8.2,amazon,light
2026-04-07T05:04:48.137549,shower head filter,home,6.52,5.5,FB Marketplace,-7.31,-112.1,50,-40.8,SKIP,0.33,0.0,8.0,0.0,13.83,amazon,medium
2026-04-07T05:05:08.518741,shoe rack,home,8.01,8.5,FB Marketplace,-8.89,-111.0,50,-42.7,SKIP,0.4,0.0,8.0,0.0,16.9,amazon,medium
2026-04-07T05:03:43.717389,jump rope weighted,fitness,3.51,3.5,FB Marketplace,-4.67,-132.9,50,-45.2,SKIP,0.18,0.0,4.5,0.0,8.18,amazon,light
2026-04-07T05:02:13.716297,vegetable chopper,kitchen,4.99,5.5,FB Marketplace,-8.76,-175.5,50,-68.3,SKIP,0.25,0.0,8.0,0.0,13.75,amazon,medium
2026-04-07T05:00:40.120664,gua sha tool,health,2.39,2.0,FB Marketplace,-4.23,-177.0,16,-72.3,SKIP,0.12,0.0,4.5,0.0,6.62,amazon,light
2026-04-07T05:04:12.660386,cat water fountain,pet,5.99,8.5,FB Marketplace,-10.81,-180.5,50,-73.4,SKIP,0.3,0.0,8.0,0.0,16.8,amazon,medium
2026-04-07T05:02:44.188989,phone projector,tech,7.89,14.0,FB Marketplace,-14.5,-183.8,50,-80.3,SKIP,0.39,0.0,8.0,0.0,22.39,amazon,medium
