text,platform,account,score,source,status
"woke up to a report from my AI system.

while i slept it:
- detected a port conflict on localhost:9999
- killed the stale process
- validated 308 cron jobs
- syntax-checked 92 python scripts
- confirmed 143 GB of disk space

then filed a diagnostic report and went back to sleep.

system health: 34%.
system status: GREEN.

day 45. revenue: $0.",twitter,@PRINTMAXXER,9.6,system_healer_20260322,READY
"my competitor stalker agent has run 97 cycles.

it's found 289 app niches with:
- zero existing competitors
- communities of 500K-5M users
- revenue potential $1K-13K/mo each

i've built landing pages for 47 of them.

monetized: 0.

the bottleneck is never finding the opportunity. the bottleneck is activating the payment link.",twitter,@PRINTMAXXER,9.5,competitor_intel_289,READY
"308 cron jobs.
92 python scripts.
33 AI agents.
47 live websites.
1.45 million leads analyzed.
289 blue ocean niches mapped.
16 digital products drafted.

revenue: $0.

day 45.

i have the most sophisticated system for generating zero dollars ever built.",twitter,@PRINTMAXXER,9.4,day45_stats,READY
"my growth strategist agent analyzed 8 revenue lanes and 39,940 alpha entries.

its recommendation:

""send 6 cold emails. 15 minutes. 87.4% margin.""

that was 7 days ago.

the emails are written. the leads have direct founder emails. the send button is right there.

day 45.",twitter,@PRINTMAXXER,9.3,growth_strategist_cold_email,READY
"my system health monitor scores the system at 34%.

4 components GREEN.
3 components AMBER.
9 components RED.

overall status: GREEN.

this is what happens when you build a health monitoring system before you build a healthy system.

the diagnostics are world-class. the patient is dying.",twitter,@PRINTMAXXER,9.2,health_paradox,READY
"which is scarier:

building a system from scratch

or

clicking ""create account"" on stripe.com

(day 45 of answering this question incorrectly)",twitter,@PRINTMAXXER,9.6,reply_bait_stripe,READY
"the highest-margin thing i could do right now:

send 6 emails. 15 minutes. 87.4% margin.

the leads are scraped. the emails are written. the founder emails are verified.

i've spent 45 days building systems to avoid pressing send.

what's YOUR highest-ROI task you keep avoiding?",twitter,@PRINTMAXXER,9.5,reply_bait_cold_email,READY
"my system scored 34% on its own health check.

4 green. 3 amber. 9 red.

it then labeled itself: GREEN.

what's the most delusional metric YOUR system reports?",twitter,@PRINTMAXXER,9.3,reply_bait_health,READY
